<?xml version="1.0" encoding="UTF-8"?>
<GenRun Id="synth_1" LaunchPart="xc7a35tcpg236-1" LaunchTime="1712401082">
  <File Type="PA-TCL" Name="top.tcl"/>
  <File Type="REPORTS-TCL" Name="top_reports.tcl"/>
  <File Type="RDS-RDS" Name="top.vds"/>
  <File Type="RDS-UTIL" Name="top_utilization_synth.rpt"/>
  <File Type="RDS-UTIL-PB" Name="top_utilization_synth.pb"/>
  <File Type="RDS-DCP" Name="top.dcp"/>
  <FileSet Name="sources" Type="DesignSrcs" RelSrcDir="$PSRCDIR/sources_1">
    <Filter Type="Srcs"/>
    <File Path="$PSRCDIR/sources_1/new/helpers/clk_counter.v">
      <FileInfo>
        <Attr Name="ImportPath" Val="$PPRDIR/../../../../../../../../Documents/Stuff/Github/WORK/EE2026-Finance-Bros/e_mods/e_mods.srcs/sources_1/new/helpers/clk_counter.v"/>
        <Attr Name="ImportTime" Val="1711939437"/>
        <Attr Name="UsedIn" Val="synthesis"/>
        <Attr Name="UsedIn" Val="implementation"/>
        <Attr Name="UsedIn" Val="simulation"/>
      </FileInfo>
    </File>
    <File Path="$PSRCDIR/sources_1/ip/blk_mem_gen_inter/blk_mem_gen_inter.xci">
      <FileInfo>
        <Attr Name="ImportPath" Val="$PPRDIR/../../../../../../../../Documents/Stuff/GitLab/school-work/NUS/Y1S2/EE2026/MODS.srcs/sources_1/ip/blk_mem_gen_inter/blk_mem_gen_inter.xci"/>
        <Attr Name="ImportTime" Val="1673495803"/>
        <Attr Name="UsedIn" Val="synthesis"/>
        <Attr Name="UsedIn" Val="implementation"/>
        <Attr Name="UsedIn" Val="simulation"/>
      </FileInfo>
    </File>
    <File Path="$PSRCDIR/sources_1/ip/blk_mem_gen_0_1/blk_mem_gen_0.xci">
      <FileInfo>
        <Attr Name="ImportPath" Val="$PPRDIR/../../../../../../../../Documents/Stuff/GitLab/school-work/NUS/Y1S2/EE2026/MODS.srcs/sources_1/ip/blk_mem_gen_0_1/blk_mem_gen_0.xci"/>
        <Attr Name="ImportTime" Val="1673495799"/>
        <Attr Name="UsedIn" Val="synthesis"/>
        <Attr Name="UsedIn" Val="implementation"/>
        <Attr Name="UsedIn" Val="simulation"/>
      </FileInfo>
    </File>
    <File Path="$PSRCDIR/sources_1/imports/Desktop/Oled_Display.v">
      <FileInfo>
        <Attr Name="ImportPath" Val="$PPRDIR/../../../../../../../../Documents/Stuff/GitLab/school-work/NUS/Y1S2/EE2026/MODS.srcs/sources_1/imports/Desktop/Oled_Display.v"/>
        <Attr Name="ImportTime" Val="1677398246"/>
        <Attr Name="UsedIn" Val="synthesis"/>
        <Attr Name="UsedIn" Val="implementation"/>
        <Attr Name="UsedIn" Val="simulation"/>
      </FileInfo>
    </File>
    <File Path="$PSRCDIR/sources_1/new/helpers/uart/unmodified/baud_rate_generator.v">
      <FileInfo>
        <Attr Name="ImportPath" Val="$PPRDIR/../../../../../../../../Documents/Stuff/Github/WORK/EE2026-Finance-Bros/e_mods/e_mods.srcs/sources_1/new/helpers/uart/unmodified/baud_rate_generator.v"/>
        <Attr Name="ImportTime" Val="1706509529"/>
        <Attr Name="UsedIn" Val="synthesis"/>
        <Attr Name="UsedIn" Val="implementation"/>
        <Attr Name="UsedIn" Val="simulation"/>
      </FileInfo>
    </File>
    <File Path="$PSRCDIR/sources_1/new/helpers/uart/fifo_shift.v">
      <FileInfo>
        <Attr Name="ImportPath" Val="$PPRDIR/../../../../../../../../Documents/Stuff/Github/WORK/EE2026-Finance-Bros/e_mods/e_mods.srcs/sources_1/new/helpers/uart/fifo_shift.v"/>
        <Attr Name="ImportTime" Val="1712401008"/>
        <Attr Name="UsedIn" Val="synthesis"/>
        <Attr Name="UsedIn" Val="implementation"/>
        <Attr Name="UsedIn" Val="simulation"/>
      </FileInfo>
    </File>
    <File Path="$PSRCDIR/sources_1/new/menu/menuCode.v">
      <FileInfo>
        <Attr Name="ImportPath" Val="$PPRDIR/../../../../../../../../Documents/Stuff/Github/WORK/EE2026-Finance-Bros/e_mods/e_mods.srcs/sources_1/new/menu/menuCode.v"/>
        <Attr Name="ImportTime" Val="1712401008"/>
        <Attr Name="UsedIn" Val="synthesis"/>
        <Attr Name="UsedIn" Val="implementation"/>
        <Attr Name="UsedIn" Val="simulation"/>
      </FileInfo>
    </File>
    <File Path="$PSRCDIR/sources_1/new/helpers/seg/seg_multiplexer.v">
      <FileInfo>
        <Attr Name="ImportPath" Val="$PPRDIR/../../../../../../../../Documents/Stuff/Github/WORK/EE2026-Finance-Bros/e_mods/e_mods.srcs/sources_1/new/helpers/seg/seg_multiplexer.v"/>
        <Attr Name="ImportTime" Val="1709732216"/>
        <Attr Name="UsedIn" Val="synthesis"/>
        <Attr Name="UsedIn" Val="implementation"/>
        <Attr Name="UsedIn" Val="simulation"/>
      </FileInfo>
    </File>
    <File Path="$PSRCDIR/sources_1/new/helpers/uart/uart_module.v">
      <FileInfo>
        <Attr Name="ImportPath" Val="$PPRDIR/../../../../../../../../Documents/Stuff/Github/WORK/EE2026-Finance-Bros/e_mods/e_mods.srcs/sources_1/new/helpers/uart/uart_module.v"/>
        <Attr Name="ImportTime" Val="1712401008"/>
        <Attr Name="UsedIn" Val="synthesis"/>
        <Attr Name="UsedIn" Val="implementation"/>
        <Attr Name="UsedIn" Val="simulation"/>
      </FileInfo>
    </File>
    <File Path="$PSRCDIR/sources_1/new/helpers/uart/unmodified/uart_receiver.v">
      <FileInfo>
        <Attr Name="ImportPath" Val="$PPRDIR/../../../../../../../../Documents/Stuff/Github/WORK/EE2026-Finance-Bros/e_mods/e_mods.srcs/sources_1/new/helpers/uart/unmodified/uart_receiver.v"/>
        <Attr Name="ImportTime" Val="1706509529"/>
        <Attr Name="UsedIn" Val="synthesis"/>
        <Attr Name="UsedIn" Val="implementation"/>
        <Attr Name="UsedIn" Val="simulation"/>
      </FileInfo>
    </File>
    <File Path="$PSRCDIR/sources_1/new/helpers/uart/unmodified/uart_transmitter.v">
      <FileInfo>
        <Attr Name="ImportPath" Val="$PPRDIR/../../../../../../../../Documents/Stuff/Github/WORK/EE2026-Finance-Bros/e_mods/e_mods.srcs/sources_1/new/helpers/uart/unmodified/uart_transmitter.v"/>
        <Attr Name="ImportTime" Val="1706509529"/>
        <Attr Name="UsedIn" Val="synthesis"/>
        <Attr Name="UsedIn" Val="implementation"/>
        <Attr Name="UsedIn" Val="simulation"/>
      </FileInfo>
    </File>
    <File Path="$PSRCDIR/sources_1/imports/Desktop/Mouse_Control.vhd">
      <FileInfo>
        <Attr Name="ImportPath" Val="$PPRDIR/../../../../../../../../Documents/Stuff/GitLab/school-work/NUS/Y1S2/EE2026/MODS.srcs/sources_1/imports/Desktop/Mouse_Control.vhd"/>
        <Attr Name="ImportTime" Val="1677398056"/>
        <Attr Name="UsedIn" Val="synthesis"/>
        <Attr Name="UsedIn" Val="simulation"/>
      </FileInfo>
    </File>
    <File Path="$PSRCDIR/sources_1/imports/Desktop/Ps2Interface.vhd">
      <FileInfo>
        <Attr Name="ImportPath" Val="$PPRDIR/../../../../../../../../Documents/Stuff/GitLab/school-work/NUS/Y1S2/EE2026/MODS.srcs/sources_1/imports/Desktop/Ps2Interface.vhd"/>
        <Attr Name="ImportTime" Val="1677398072"/>
        <Attr Name="UsedIn" Val="synthesis"/>
        <Attr Name="UsedIn" Val="simulation"/>
      </FileInfo>
    </File>
    <File Path="$PSRCDIR/sources_1/new/top.v">
      <FileInfo>
        <Attr Name="IsGlobalInclude" Val="1"/>
        <Attr Name="ImportPath" Val="$PPRDIR/../../../../../../../../Documents/Stuff/Github/WORK/EE2026-Finance-Bros/e_mods/e_mods.srcs/sources_1/new/top.v"/>
        <Attr Name="ImportTime" Val="1712400219"/>
        <Attr Name="UsedIn" Val="synthesis"/>
        <Attr Name="UsedIn" Val="implementation"/>
        <Attr Name="UsedIn" Val="simulation"/>
      </FileInfo>
    </File>
    <File Path="$PSRCDIR/sources_1/imports/MouseAudioDisplay/archive_project_summary.txt">
      <FileInfo>
        <Attr Name="ImportPath" Val="$PPRDIR/../../../../../../../../Documents/Stuff/GitLab/school-work/NUS/Y1S2/MouseAudioDisplay/archive_project_summary.txt"/>
        <Attr Name="ImportTime" Val="1677398648"/>
      </FileInfo>
    </File>
    <File Path="$PSRCDIR/sources_1/imports/res/weights.coe">
      <FileInfo>
        <Attr Name="ImportPath" Val="$PPRDIR/../../../../../../../../Documents/Stuff/GitLab/school-work/NUS/Y1S2/EE2026/res/weights.coe"/>
        <Attr Name="ImportTime" Val="1677159677"/>
        <Attr Name="UsedIn" Val="synthesis"/>
        <Attr Name="UsedIn" Val="simulation"/>
      </FileInfo>
    </File>
    <File Path="$PSRCDIR/sources_1/imports/res/00.coe">
      <FileInfo>
        <Attr Name="ImportPath" Val="$PPRDIR/../../../../../../../../Documents/Stuff/GitLab/school-work/NUS/Y1S2/EE2026/res/00.coe"/>
        <Attr Name="ImportTime" Val="1677159677"/>
        <Attr Name="UsedIn" Val="synthesis"/>
        <Attr Name="UsedIn" Val="simulation"/>
      </FileInfo>
    </File>
    <File Path="$PSRCDIR/sources_1/imports/MODS/archive_project_summary.txt">
      <FileInfo>
        <Attr Name="ImportPath" Val="$PPRDIR/../../../../../../../../Documents/Stuff/GitLab/school-work/NUS/Y1S2/EE2026/Labs/Project B-MODs/MODS.xpr/MODS/archive_project_summary.txt"/>
        <Attr Name="ImportTime" Val="1709512915"/>
      </FileInfo>
    </File>
    <File Path="$PSRCDIR/sources_1/new/helpers/uart/tests/run_uart.v">
      <FileInfo>
        <Attr Name="UserDisabled" Val="1"/>
        <Attr Name="ImportPath" Val="$PPRDIR/../../../../../../../../Documents/Stuff/Github/WORK/EE2026-Finance-Bros/e_mods/e_mods.srcs/sources_1/new/helpers/uart/tests/run_uart.v"/>
        <Attr Name="ImportTime" Val="1710123612"/>
        <Attr Name="UsedIn" Val="synthesis"/>
        <Attr Name="UsedIn" Val="implementation"/>
        <Attr Name="UsedIn" Val="simulation"/>
      </FileInfo>
    </File>
    <File Path="$PSRCDIR/sources_1/new/helpers/uart/tests/sim_fifo_shift.v">
      <FileInfo>
        <Attr Name="UserDisabled" Val="1"/>
        <Attr Name="ImportPath" Val="$PPRDIR/../../../../../../../../Documents/Stuff/Github/WORK/EE2026-Finance-Bros/e_mods/e_mods.srcs/sources_1/new/helpers/uart/tests/sim_fifo_shift.v"/>
        <Attr Name="ImportTime" Val="1710121529"/>
        <Attr Name="UsedIn" Val="synthesis"/>
        <Attr Name="UsedIn" Val="implementation"/>
        <Attr Name="UsedIn" Val="simulation"/>
      </FileInfo>
    </File>
    <File Path="$PSRCDIR/sources_1/new/helpers/seg/seg_num_mapping.v">
      <FileInfo>
        <Attr Name="ImportPath" Val="$PPRDIR/../../../../../../../../Documents/Stuff/Github/WORK/EE2026-Finance-Bros/e_mods/e_mods.srcs/sources_1/new/helpers/seg/seg_num_mapping.v"/>
        <Attr Name="ImportTime" Val="1709730202"/>
        <Attr Name="UsedIn" Val="synthesis"/>
        <Attr Name="UsedIn" Val="implementation"/>
        <Attr Name="UsedIn" Val="simulation"/>
      </FileInfo>
    </File>
    <File Path="$PSRCDIR/sources_1/new/master/module_master.v">
      <FileInfo>
        <Attr Name="ImportPath" Val="$PPRDIR/../../../../../../../../Documents/Stuff/Github/WORK/EE2026-Finance-Bros/e_mods/e_mods.srcs/sources_1/new/master/module_master.v"/>
        <Attr Name="ImportTime" Val="1712401008"/>
        <Attr Name="UsedIn" Val="synthesis"/>
        <Attr Name="UsedIn" Val="implementation"/>
        <Attr Name="UsedIn" Val="simulation"/>
      </FileInfo>
    </File>
    <File Path="$PSRCDIR/sources_1/new/trading/tests/test_trade_data_structures.v">
      <FileInfo>
        <Attr Name="UserDisabled" Val="1"/>
        <Attr Name="ImportPath" Val="$PPRDIR/../../../../../../../../Documents/Stuff/Github/WORK/EE2026-Finance-Bros/e_mods/e_mods.srcs/sources_1/new/trading/tests/test_trade_data_structures.v"/>
        <Attr Name="ImportTime" Val="1712225603"/>
        <Attr Name="UsedIn" Val="synthesis"/>
        <Attr Name="UsedIn" Val="implementation"/>
        <Attr Name="UsedIn" Val="simulation"/>
      </FileInfo>
    </File>
    <File Path="$PSRCDIR/sources_1/new/trading/trade_module_data.v">
      <FileInfo>
        <Attr Name="ImportPath" Val="$PPRDIR/../../../../../../../../Documents/Stuff/Github/WORK/EE2026-Finance-Bros/e_mods/e_mods.srcs/sources_1/new/trading/trade_module_data.v"/>
        <Attr Name="ImportTime" Val="1712401008"/>
        <Attr Name="UsedIn" Val="synthesis"/>
        <Attr Name="UsedIn" Val="implementation"/>
        <Attr Name="UsedIn" Val="simulation"/>
      </FileInfo>
    </File>
    <File Path="$PSRCDIR/sources_1/new/trading/tests/modules/test_trade_module_slave.v">
      <FileInfo>
        <Attr Name="UserDisabled" Val="1"/>
        <Attr Name="ImportPath" Val="$PPRDIR/../../../../../../../../Documents/Stuff/Github/WORK/EE2026-Finance-Bros/e_mods/e_mods.srcs/sources_1/new/trading/tests/modules/test_trade_module_slave.v"/>
        <Attr Name="ImportTime" Val="1712225603"/>
        <Attr Name="UsedIn" Val="synthesis"/>
        <Attr Name="UsedIn" Val="implementation"/>
        <Attr Name="UsedIn" Val="simulation"/>
      </FileInfo>
    </File>
    <File Path="$PSRCDIR/sources_1/new/trading/trade_module_slave.v">
      <FileInfo>
        <Attr Name="ImportPath" Val="$PPRDIR/../../../../../../../../Documents/Stuff/Github/WORK/EE2026-Finance-Bros/e_mods/e_mods.srcs/sources_1/new/trading/trade_module_slave.v"/>
        <Attr Name="ImportTime" Val="1712401008"/>
        <Attr Name="UsedIn" Val="synthesis"/>
        <Attr Name="UsedIn" Val="implementation"/>
        <Attr Name="UsedIn" Val="simulation"/>
      </FileInfo>
    </File>
    <File Path="$PSRCDIR/sources_1/new/trading/tests/modules/test_trade_module_master.v">
      <FileInfo>
        <Attr Name="UserDisabled" Val="1"/>
        <Attr Name="ImportPath" Val="$PPRDIR/../../../../../../../../Documents/Stuff/Github/WORK/EE2026-Finance-Bros/e_mods/e_mods.srcs/sources_1/new/trading/tests/modules/test_trade_module_master.v"/>
        <Attr Name="ImportTime" Val="1712225603"/>
        <Attr Name="UsedIn" Val="synthesis"/>
        <Attr Name="UsedIn" Val="implementation"/>
        <Attr Name="UsedIn" Val="simulation"/>
      </FileInfo>
    </File>
    <File Path="$PSRCDIR/sources_1/new/trading/top_trade.v">
      <FileInfo>
        <Attr Name="UserDisabled" Val="1"/>
        <Attr Name="ImportPath" Val="$PPRDIR/../../../../../../../../Documents/Stuff/Github/WORK/EE2026-Finance-Bros/e_mods/e_mods.srcs/sources_1/new/trading/top_trade.v"/>
        <Attr Name="ImportTime" Val="1712225603"/>
        <Attr Name="UsedIn" Val="synthesis"/>
        <Attr Name="UsedIn" Val="implementation"/>
        <Attr Name="UsedIn" Val="simulation"/>
      </FileInfo>
    </File>
    <File Path="$PSRCDIR/sources_1/new/trading/trade_module_master.v">
      <FileInfo>
        <Attr Name="ImportPath" Val="$PPRDIR/../../../../../../../../Documents/Stuff/Github/WORK/EE2026-Finance-Bros/e_mods/e_mods.srcs/sources_1/new/trading/trade_module_master.v"/>
        <Attr Name="ImportTime" Val="1712401008"/>
        <Attr Name="UsedIn" Val="synthesis"/>
        <Attr Name="UsedIn" Val="implementation"/>
        <Attr Name="UsedIn" Val="simulation"/>
      </FileInfo>
    </File>
    <File Path="$PSRCDIR/sources_1/new/helpers/seg/seg_val_mapping.v">
      <FileInfo>
        <Attr Name="ImportPath" Val="$PPRDIR/../../../../../../../../Documents/Stuff/Github/WORK/EE2026-Finance-Bros/e_mods/e_mods.srcs/sources_1/new/helpers/seg/seg_val_mapping.v"/>
        <Attr Name="ImportTime" Val="1712225603"/>
        <Attr Name="UsedIn" Val="synthesis"/>
        <Attr Name="UsedIn" Val="implementation"/>
        <Attr Name="UsedIn" Val="simulation"/>
      </FileInfo>
    </File>
    <File Path="$PSRCDIR/sources_1/new/trading/tests/test_trade_parser.v">
      <FileInfo>
        <Attr Name="UserDisabled" Val="1"/>
        <Attr Name="ImportPath" Val="$PPRDIR/../../../../../../../../Documents/Stuff/Github/WORK/EE2026-Finance-Bros/e_mods/e_mods.srcs/sources_1/new/trading/tests/test_trade_parser.v"/>
        <Attr Name="ImportTime" Val="1712225603"/>
        <Attr Name="UsedIn" Val="synthesis"/>
        <Attr Name="UsedIn" Val="implementation"/>
        <Attr Name="UsedIn" Val="simulation"/>
      </FileInfo>
    </File>
    <File Path="$PSRCDIR/sources_1/new/text.v">
      <FileInfo>
        <Attr Name="UserDisabled" Val="1"/>
        <Attr Name="ImportPath" Val="$PPRDIR/../../../../../../../../Documents/Stuff/Github/WORK/EE2026-Finance-Bros/e_mods/e_mods.srcs/sources_1/new/text.v"/>
        <Attr Name="ImportTime" Val="1711939443"/>
        <Attr Name="UsedIn" Val="synthesis"/>
        <Attr Name="UsedIn" Val="implementation"/>
        <Attr Name="UsedIn" Val="simulation"/>
      </FileInfo>
    </File>
    <File Path="$PSRCDIR/sources_1/new/helpers/text/text_num_val_mapping.v">
      <FileInfo>
        <Attr Name="ImportPath" Val="$PPRDIR/../../../../../../../../Documents/Stuff/Github/WORK/EE2026-Finance-Bros/e_mods/e_mods.srcs/sources_1/new/helpers/text/text_num_val_mapping.v"/>
        <Attr Name="ImportTime" Val="1712225603"/>
        <Attr Name="UsedIn" Val="synthesis"/>
        <Attr Name="UsedIn" Val="implementation"/>
        <Attr Name="UsedIn" Val="simulation"/>
      </FileInfo>
    </File>
    <File Path="$PSRCDIR/sources_1/new/menu/slaveTradePage.v">
      <FileInfo>
        <Attr Name="ImportPath" Val="$PPRDIR/../../../../../../../../Documents/Stuff/Github/WORK/EE2026-Finance-Bros/e_mods/e_mods.srcs/sources_1/new/menu/slaveTradePage.v"/>
        <Attr Name="ImportTime" Val="1712400219"/>
        <Attr Name="UsedIn" Val="synthesis"/>
        <Attr Name="UsedIn" Val="implementation"/>
        <Attr Name="UsedIn" Val="simulation"/>
      </FileInfo>
    </File>
    <File Path="$PSRCDIR/sources_1/new/menu/slaveMenuPage.v">
      <FileInfo>
        <Attr Name="ImportPath" Val="$PPRDIR/../../../../../../../../Documents/Stuff/Github/WORK/EE2026-Finance-Bros/e_mods/e_mods.srcs/sources_1/new/menu/slaveMenuPage.v"/>
        <Attr Name="ImportTime" Val="1712401008"/>
        <Attr Name="UsedIn" Val="synthesis"/>
        <Attr Name="UsedIn" Val="implementation"/>
        <Attr Name="UsedIn" Val="simulation"/>
      </FileInfo>
    </File>
    <File Path="$PSRCDIR/sources_1/new/menu/view_packet.v">
      <FileInfo>
        <Attr Name="ImportPath" Val="$PPRDIR/../../../../../../../../Documents/Stuff/Github/WORK/EE2026-Finance-Bros/e_mods/e_mods.srcs/sources_1/new/menu/view_packet.v"/>
        <Attr Name="ImportTime" Val="1712400219"/>
        <Attr Name="UsedIn" Val="synthesis"/>
        <Attr Name="UsedIn" Val="implementation"/>
        <Attr Name="UsedIn" Val="simulation"/>
      </FileInfo>
    </File>
    <File Path="$PSRCDIR/sources_1/new/tables.v">
      <FileInfo>
        <Attr Name="UserDisabled" Val="1"/>
        <Attr Name="ImportPath" Val="$PPRDIR/../../../../../../../../Documents/Stuff/Github/WORK/EE2026-Finance-Bros/e_mods/e_mods.srcs/sources_1/new/tables.v"/>
        <Attr Name="ImportTime" Val="1712225603"/>
        <Attr Name="UsedIn" Val="synthesis"/>
        <Attr Name="UsedIn" Val="implementation"/>
        <Attr Name="UsedIn" Val="simulation"/>
      </FileInfo>
    </File>
    <File Path="$PSRCDIR/sources_1/new/helpers/uart/tests/run_uart_pins_chain.v">
      <FileInfo>
        <Attr Name="UserDisabled" Val="1"/>
        <Attr Name="ImportPath" Val="$PPRDIR/../../../../../../../../Documents/Stuff/Github/WORK/EE2026-Finance-Bros/e_mods/e_mods.srcs/sources_1/new/helpers/uart/tests/run_uart_pins_chain.v"/>
        <Attr Name="ImportTime" Val="1712225603"/>
        <Attr Name="UsedIn" Val="synthesis"/>
        <Attr Name="UsedIn" Val="implementation"/>
        <Attr Name="UsedIn" Val="simulation"/>
      </FileInfo>
    </File>
    <File Path="$PSRCDIR/sources_1/new/master/master_menu.v">
      <FileInfo>
        <Attr Name="ImportPath" Val="$PPRDIR/../../../../../../../../Documents/Stuff/Github/WORK/EE2026-Finance-Bros/e_mods/e_mods.srcs/sources_1/new/master/master_menu.v"/>
        <Attr Name="ImportTime" Val="1712400219"/>
        <Attr Name="UsedIn" Val="synthesis"/>
        <Attr Name="UsedIn" Val="implementation"/>
        <Attr Name="UsedIn" Val="simulation"/>
      </FileInfo>
    </File>
    <File Path="$PSRCDIR/sources_1/new/menu/set_id.v">
      <FileInfo>
        <Attr Name="ImportPath" Val="$PPRDIR/../../../../../../../../Documents/Stuff/Github/WORK/EE2026-Finance-Bros/e_mods/e_mods.srcs/sources_1/new/menu/set_id.v"/>
        <Attr Name="ImportTime" Val="1712229465"/>
        <Attr Name="UsedIn" Val="synthesis"/>
        <Attr Name="UsedIn" Val="implementation"/>
        <Attr Name="UsedIn" Val="simulation"/>
      </FileInfo>
    </File>
    <File Path="$PSRCDIR/sources_1/new/encryption.v">
      <FileInfo>
        <Attr Name="ImportPath" Val="$PPRDIR/../../../../../../../../Documents/Stuff/Github/WORK/EE2026-Finance-Bros/e_mods/e_mods.srcs/sources_1/new/encryption.v"/>
        <Attr Name="ImportTime" Val="1712400219"/>
        <Attr Name="UsedIn" Val="synthesis"/>
        <Attr Name="UsedIn" Val="implementation"/>
        <Attr Name="UsedIn" Val="simulation"/>
      </FileInfo>
    </File>
    <File Path="$PSRCDIR/sources_1/new/helpers/text/text_dynamic.v">
      <FileInfo>
        <Attr Name="ImportPath" Val="$PPRDIR/../../../../../../../../Documents/Stuff/Github/WORK/EE2026-Finance-Bros/e_mods/e_mods.srcs/sources_1/new/helpers/text/text_dynamic.v"/>
        <Attr Name="ImportTime" Val="1712225603"/>
        <Attr Name="UsedIn" Val="synthesis"/>
        <Attr Name="UsedIn" Val="implementation"/>
        <Attr Name="UsedIn" Val="simulation"/>
      </FileInfo>
    </File>
    <File Path="$PSRCDIR/sources_1/new/helpers/text/text_dynamic_multiline.v">
      <FileInfo>
        <Attr Name="ImportPath" Val="$PPRDIR/../../../../../../../../Documents/Stuff/Github/WORK/EE2026-Finance-Bros/e_mods/e_mods.srcs/sources_1/new/helpers/text/text_dynamic_multiline.v"/>
        <Attr Name="ImportTime" Val="1712400219"/>
        <Attr Name="UsedIn" Val="synthesis"/>
        <Attr Name="UsedIn" Val="implementation"/>
        <Attr Name="UsedIn" Val="simulation"/>
      </FileInfo>
    </File>
    <File Path="$PSRCDIR/sources_1/new/helpers/text/binary_to_hex.v">
      <FileInfo>
        <Attr Name="ImportPath" Val="$PPRDIR/../../../../../../../../Documents/Stuff/Github/WORK/EE2026-Finance-Bros/e_mods/e_mods.srcs/sources_1/new/helpers/text/binary_to_hex.v"/>
        <Attr Name="ImportTime" Val="1712225603"/>
        <Attr Name="UsedIn" Val="synthesis"/>
        <Attr Name="UsedIn" Val="implementation"/>
        <Attr Name="UsedIn" Val="simulation"/>
      </FileInfo>
    </File>
    <File Path="$PSRCDIR/sources_1/new/raycasting/raycasting.v">
      <FileInfo>
        <Attr Name="ImportPath" Val="$PPRDIR/../../../../../../../../Documents/Stuff/Github/WORK/EE2026-Finance-Bros/e_mods/e_mods.srcs/sources_1/new/raycasting/raycasting.v"/>
        <Attr Name="ImportTime" Val="1712400219"/>
        <Attr Name="UsedIn" Val="synthesis"/>
        <Attr Name="UsedIn" Val="implementation"/>
        <Attr Name="UsedIn" Val="simulation"/>
      </FileInfo>
    </File>
    <File Path="$PSRCDIR/sources_1/new/helpers/constants.v">
      <FileInfo>
        <Attr Name="ImportPath" Val="$PPRDIR/../../../../../../../../Documents/Stuff/Github/WORK/EE2026-Finance-Bros/e_mods/e_mods.srcs/sources_1/new/helpers/constants.v"/>
        <Attr Name="ImportTime" Val="1712225603"/>
        <Attr Name="UsedIn" Val="synthesis"/>
        <Attr Name="UsedIn" Val="implementation"/>
        <Attr Name="UsedIn" Val="simulation"/>
      </FileInfo>
    </File>
    <File Path="$PSRCDIR/sources_1/new/helpers/vga/tests/adaptor_test.v">
      <FileInfo>
        <Attr Name="UserDisabled" Val="1"/>
        <Attr Name="ImportPath" Val="$PPRDIR/../../../../../../../../Documents/Stuff/Github/WORK/EE2026-Finance-Bros/e_mods/e_mods.srcs/sources_1/new/helpers/vga/tests/adaptor_test.v"/>
        <Attr Name="ImportTime" Val="1712244498"/>
        <Attr Name="UsedIn" Val="synthesis"/>
        <Attr Name="UsedIn" Val="implementation"/>
        <Attr Name="UsedIn" Val="simulation"/>
      </FileInfo>
    </File>
    <File Path="$PSRCDIR/sources_1/new/helpers/images/tests/video.v">
      <FileInfo>
        <Attr Name="UserDisabled" Val="1"/>
        <Attr Name="ImportPath" Val="$PPRDIR/../../../../../../../../Documents/Stuff/Github/WORK/EE2026-Finance-Bros/e_mods/e_mods.srcs/sources_1/new/helpers/images/tests/video.v"/>
        <Attr Name="ImportTime" Val="1712244498"/>
        <Attr Name="UsedIn" Val="synthesis"/>
        <Attr Name="UsedIn" Val="implementation"/>
        <Attr Name="UsedIn" Val="simulation"/>
      </FileInfo>
    </File>
    <File Path="$PSRCDIR/sources_1/new/helpers/vga/vga_oled_adaptor.v">
      <FileInfo>
        <Attr Name="ImportPath" Val="$PPRDIR/../../../../../../../../Documents/Stuff/Github/WORK/EE2026-Finance-Bros/e_mods/e_mods.srcs/sources_1/new/helpers/vga/vga_oled_adaptor.v"/>
        <Attr Name="ImportTime" Val="1712400219"/>
        <Attr Name="UsedIn" Val="synthesis"/>
        <Attr Name="UsedIn" Val="implementation"/>
        <Attr Name="UsedIn" Val="simulation"/>
      </FileInfo>
    </File>
    <File Path="$PSRCDIR/sources_1/new/helpers/images/tests/image.v">
      <FileInfo>
        <Attr Name="UserDisabled" Val="1"/>
        <Attr Name="ImportPath" Val="$PPRDIR/../../../../../../../../Documents/Stuff/Github/WORK/EE2026-Finance-Bros/e_mods/e_mods.srcs/sources_1/new/helpers/images/tests/image.v"/>
        <Attr Name="ImportTime" Val="1712244498"/>
        <Attr Name="UsedIn" Val="synthesis"/>
        <Attr Name="UsedIn" Val="implementation"/>
        <Attr Name="UsedIn" Val="simulation"/>
      </FileInfo>
    </File>
    <File Path="$PSRCDIR/sources_1/new/helpers/vga/unmodified/vga_controller.v">
      <FileInfo>
        <Attr Name="ImportPath" Val="$PPRDIR/../../../../../../../../Documents/Stuff/Github/WORK/EE2026-Finance-Bros/e_mods/e_mods.srcs/sources_1/new/helpers/vga/unmodified/vga_controller.v"/>
        <Attr Name="ImportTime" Val="1712244498"/>
        <Attr Name="UsedIn" Val="synthesis"/>
        <Attr Name="UsedIn" Val="implementation"/>
        <Attr Name="UsedIn" Val="simulation"/>
      </FileInfo>
    </File>
    <File Path="$PSRCDIR/sources_1/new/helpers/images/stonks.mem">
      <FileInfo>
        <Attr Name="ImportPath" Val="$PPRDIR/../../../../../../../../Documents/Stuff/Github/WORK/EE2026-Finance-Bros/e_mods/e_mods.srcs/sources_1/new/helpers/images/stonks.mem"/>
        <Attr Name="ImportTime" Val="1712250832"/>
        <Attr Name="UsedIn" Val="synthesis"/>
        <Attr Name="UsedIn" Val="simulation"/>
      </FileInfo>
    </File>
    <File Path="$PSRCDIR/sources_1/new/helpers/graphs.v">
      <FileInfo>
        <Attr Name="ImportPath" Val="$PPRDIR/../../../../../../../../Documents/Stuff/Github/WORK/EE2026-Finance-Bros/e_mods/e_mods.srcs/sources_1/new/helpers/graphs.v"/>
        <Attr Name="ImportTime" Val="1712401008"/>
        <Attr Name="UsedIn" Val="synthesis"/>
        <Attr Name="UsedIn" Val="implementation"/>
        <Attr Name="UsedIn" Val="simulation"/>
      </FileInfo>
    </File>
    <File Path="$PSRCDIR/sources_1/new/menu/slave_table_view.v">
      <FileInfo>
        <Attr Name="ImportPath" Val="$PPRDIR/../../../../../../../../Documents/Stuff/Github/WORK/EE2026-Finance-Bros/e_mods/e_mods.srcs/sources_1/new/menu/slave_table_view.v"/>
        <Attr Name="ImportTime" Val="1712400219"/>
        <Attr Name="UsedIn" Val="synthesis"/>
        <Attr Name="UsedIn" Val="implementation"/>
        <Attr Name="UsedIn" Val="simulation"/>
      </FileInfo>
    </File>
    <Config>
      <Option Name="DesignMode" Val="RTL"/>
      <Option Name="TopModule" Val="top"/>
    </Config>
  </FileSet>
  <FileSet Name="constrs_in" Type="Constrs" RelSrcDir="$PSRCDIR/constrs_1">
    <Filter Type="Constrs"/>
    <File Path="$PSRCDIR/constrs_1/new/basys3.xdc">
      <FileInfo>
        <Attr Name="ImportPath" Val="$PPRDIR/../../../../../../../../Documents/Stuff/GitLab/school-work/NUS/Y1S2/EE2026/Labs/Project B-MODs/MODS.xpr/MODS/MODS.srcs/constrs_1/new/basys3.xdc"/>
        <Attr Name="ImportTime" Val="1709702089"/>
        <Attr Name="UsedIn" Val="synthesis"/>
        <Attr Name="UsedIn" Val="implementation"/>
      </FileInfo>
    </File>
    <Config>
      <Option Name="ConstrsType" Val="XDC"/>
    </Config>
  </FileSet>
  <Strategy Version="1" Minor="2">
    <StratHandle Name="Vivado Synthesis Defaults" Flow="Vivado Synthesis 2018"/>
    <Step Id="synth_design"/>
  </Strategy>
  <BlockFileSet Type="BlockSrcs" Name="blk_mem_gen_const"/>
  <BlockFileSet Type="BlockSrcs" Name="blk_mem_gen_img"/>
</GenRun>
