<?xml version="1.0" encoding="UTF-8"?>
<GenRun Id="impl_1" LaunchPart="xc7a35tcpg236-1" LaunchTime="1712401082">
  <File Type="ROUTE-PWR" Name="top_power_routed.rpt"/>
  <File Type="PA-TCL" Name="top.tcl"/>
  <File Type="BITSTR-BMM" Name="top_bd.bmm"/>
  <File Type="ROUTE-PWR-SUM" Name="top_power_summary_routed.pb"/>
  <File Type="REPORTS-TCL" Name="top_reports.tcl"/>
  <File Type="OPT-DCP" Name="top_opt.dcp"/>
  <File Type="OPT-DRC" Name="top_drc_opted.rpt"/>
  <File Type="OPT-HWDEF" Name="top.hwdef"/>
  <File Type="PWROPT-DCP" Name="top_pwropt.dcp"/>
  <File Type="PLACE-DCP" Name="top_placed.dcp"/>
  <File Type="PLACE-IO" Name="top_io_placed.rpt"/>
  <File Type="PLACE-UTIL" Name="top_utilization_placed.rpt"/>
  <File Type="PLACE-UTIL-PB" Name="top_utilization_placed.pb"/>
  <File Type="PLACE-CTRL" Name="top_control_sets_placed.rpt"/>
  <File Type="PLACE-PRE-SIMILARITY" Name="top_incremental_reuse_pre_placed.rpt"/>
  <File Type="BG-BGN" Name="top.bgn"/>
  <File Type="POSTPLACE-PWROPT-DCP" Name="top_postplace_pwropt.dcp"/>
  <File Type="BG-BIN" Name="top.bin"/>
  <File Type="PHYSOPT-DCP" Name="top_physopt.dcp"/>
  <File Type="BITSTR-MSK" Name="top.msk"/>
  <File Type="ROUTE-ERROR-DCP" Name="top_routed_error.dcp"/>
  <File Type="ROUTE-DCP" Name="top_routed.dcp"/>
  <File Type="ROUTE-BLACKBOX-DCP" Name="top_routed_bb.dcp"/>
  <File Type="ROUTE-DRC" Name="top_drc_routed.rpt"/>
  <File Type="ROUTE-DRC-PB" Name="top_drc_routed.pb"/>
  <File Type="ROUTE-DRC-RPX" Name="top_drc_routed.rpx"/>
  <File Type="BITSTR-LTX" Name="top.ltx"/>
  <File Type="ROUTE-METHODOLOGY-DRC" Name="top_methodology_drc_routed.rpt"/>
  <File Type="BITSTR-MMI" Name="top.mmi"/>
  <File Type="ROUTE-METHODOLOGY-DRC-RPX" Name="top_methodology_drc_routed.rpx"/>
  <File Type="ROUTE-METHODOLOGY-DRC-PB" Name="top_methodology_drc_routed.pb"/>
  <File Type="BITSTR-SYSDEF" Name="top.sysdef"/>
  <File Type="ROUTE-PWR-RPX" Name="top_power_routed.rpx"/>
  <File Type="ROUTE-STATUS" Name="top_route_status.rpt"/>
  <File Type="ROUTE-STATUS-PB" Name="top_route_status.pb"/>
  <File Type="ROUTE-TIMINGSUMMARY" Name="top_timing_summary_routed.rpt"/>
  <File Type="ROUTE-TIMING-PB" Name="top_timing_summary_routed.pb"/>
  <File Type="ROUTE-TIMING-RPX" Name="top_timing_summary_routed.rpx"/>
  <File Type="ROUTE-CLK" Name="top_clock_utilization_routed.rpt"/>
  <File Type="ROUTE-BUS-SKEW" Name="top_bus_skew_routed.rpt"/>
  <File Type="ROUTE-BUS-SKEW-PB" Name="top_bus_skew_routed.pb"/>
  <File Type="ROUTE-BUS-SKEW-RPX" Name="top_bus_skew_routed.rpx"/>
  <File Type="POSTROUTE-PHYSOPT-DCP" Name="top_postroute_physopt.dcp"/>
  <File Type="POSTROUTE-PHYSOPT-BLACKBOX-DCP" Name="top_postroute_physopt_bb.dcp"/>
  <File Type="BG-BIT" Name="top.bit"/>
  <File Type="BITSTR-RBT" Name="top.rbt"/>
  <File Type="BITSTR-NKY" Name="top.nky"/>
  <File Type="BG-DRC" Name="top.drc"/>
  <File Type="RDI-RDI" Name="top.vdi"/>
  <File Type="WBT-USG" Name="usage_statistics_webtalk.html"/>
  <FileSet Name="sources" Type="DesignSrcs" RelSrcDir="$PSRCDIR/sources_1">
    <Filter Type="Srcs"/>
    <File Path="$PSRCDIR/sources_1/new/helpers/clk_counter.v">
      <FileInfo>
        <Attr Name="ImportPath" Val="$PPRDIR/../../../../../../../../Documents/Stuff/Github/WORK/EE2026-Finance-Bros/e_mods/e_mods.srcs/sources_1/new/helpers/clk_counter.v"/>
        <Attr Name="ImportTime" Val="1711939437"/>
        <Attr Name="UsedIn" Val="synthesis"/>
        <Attr Name="UsedIn" Val="implementation"/>
        <Attr Name="UsedIn" Val="simulation"/>
      </FileInfo>
    </File>
    <File Path="$PSRCDIR/sources_1/ip/blk_mem_gen_inter/blk_mem_gen_inter.xci">
      <FileInfo>
        <Attr Name="ImportPath" Val="$PPRDIR/../../../../../../../../Documents/Stuff/GitLab/school-work/NUS/Y1S2/EE2026/MODS.srcs/sources_1/ip/blk_mem_gen_inter/blk_mem_gen_inter.xci"/>
        <Attr Name="ImportTime" Val="1673495803"/>
        <Attr Name="UsedIn" Val="synthesis"/>
        <Attr Name="UsedIn" Val="implementation"/>
        <Attr Name="UsedIn" Val="simulation"/>
      </FileInfo>
    </File>
    <File Path="$PSRCDIR/sources_1/ip/blk_mem_gen_0_1/blk_mem_gen_0.xci">
      <FileInfo>
        <Attr Name="ImportPath" Val="$PPRDIR/../../../../../../../../Documents/Stuff/GitLab/school-work/NUS/Y1S2/EE2026/MODS.srcs/sources_1/ip/blk_mem_gen_0_1/blk_mem_gen_0.xci"/>
        <Attr Name="ImportTime" Val="1673495799"/>
        <Attr Name="UsedIn" Val="synthesis"/>
        <Attr Name="UsedIn" Val="implementation"/>
        <Attr Name="UsedIn" Val="simulation"/>
      </FileInfo>
    </File>
    <File Path="$PSRCDIR/sources_1/imports/Desktop/Oled_Display.v">
      <FileInfo>
        <Attr Name="ImportPath" Val="$PPRDIR/../../../../../../../../Documents/Stuff/GitLab/school-work/NUS/Y1S2/EE2026/MODS.srcs/sources_1/imports/Desktop/Oled_Display.v"/>
        <Attr Name="ImportTime" Val="1677398246"/>
        <Attr Name="UsedIn" Val="synthesis"/>
        <Attr Name="UsedIn" Val="implementation"/>
        <Attr Name="UsedIn" Val="simulation"/>
      </FileInfo>
    </File>
    <File Path="$PSRCDIR/sources_1/new/helpers/uart/unmodified/baud_rate_generator.v">
      <FileInfo>
        <Attr Name="ImportPath" Val="$PPRDIR/../../../../../../../../Documents/Stuff/Github/WORK/EE2026-Finance-Bros/e_mods/e_mods.srcs/sources_1/new/helpers/uart/unmodified/baud_rate_generator.v"/>
        <Attr Name="ImportTime" Val="1706509529"/>
        <Attr Name="UsedIn" Val="synthesis"/>
        <Attr Name="UsedIn" Val="implementation"/>
        <Attr Name="UsedIn" Val="simulation"/>
      </FileInfo>
    </File>
    <File Path="$PSRCDIR/sources_1/new/helpers/uart/fifo_shift.v">
      <FileInfo>
        <Attr Name="ImportPath" Val="$PPRDIR/../../../../../../../../Documents/Stuff/Github/WORK/EE2026-Finance-Bros/e_mods/e_mods.srcs/sources_1/new/helpers/uart/fifo_shift.v"/>
        <Attr Name="ImportTime" Val="1712401008"/>
        <Attr Name="UsedIn" Val="synthesis"/>
        <Attr Name="UsedIn" Val="implementation"/>
        <Attr Name="UsedIn" Val="simulation"/>
      </FileInfo>
    </File>
    <File Path="$PSRCDIR/sources_1/new/menu/menuCode.v">
      <FileInfo>
        <Attr Name="ImportPath" Val="$PPRDIR/../../../../../../../../Documents/Stuff/Github/WORK/EE2026-Finance-Bros/e_mods/e_mods.srcs/sources_1/new/menu/menuCode.v"/>
        <Attr Name="ImportTime" Val="1712401008"/>
        <Attr Name="UsedIn" Val="synthesis"/>
        <Attr Name="UsedIn" Val="implementation"/>
        <Attr Name="UsedIn" Val="simulation"/>
      </FileInfo>
    </File>
    <File Path="$PSRCDIR/sources_1/new/helpers/seg/seg_multiplexer.v">
      <FileInfo>
        <Attr Name="ImportPath" Val="$PPRDIR/../../../../../../../../Documents/Stuff/Github/WORK/EE2026-Finance-Bros/e_mods/e_mods.srcs/sources_1/new/helpers/seg/seg_multiplexer.v"/>
        <Attr Name="ImportTime" Val="1709732216"/>
        <Attr Name="UsedIn" Val="synthesis"/>
        <Attr Name="UsedIn" Val="implementation"/>
        <Attr Name="UsedIn" Val="simulation"/>
      </FileInfo>
    </File>
    <File Path="$PSRCDIR/sources_1/new/helpers/uart/uart_module.v">
      <FileInfo>
        <Attr Name="ImportPath" Val="$PPRDIR/../../../../../../../../Documents/Stuff/Github/WORK/EE2026-Finance-Bros/e_mods/e_mods.srcs/sources_1/new/helpers/uart/uart_module.v"/>
        <Attr Name="ImportTime" Val="1712401008"/>
        <Attr Name="UsedIn" Val="synthesis"/>
        <Attr Name="UsedIn" Val="implementation"/>
        <Attr Name="UsedIn" Val="simulation"/>
      </FileInfo>
    </File>
    <File Path="$PSRCDIR/sources_1/new/helpers/uart/unmodified/uart_receiver.v">
      <FileInfo>
        <Attr Name="ImportPath" Val="$PPRDIR/../../../../../../../../Documents/Stuff/Github/WORK/EE2026-Finance-Bros/e_mods/e_mods.srcs/sources_1/new/helpers/uart/unmodified/uart_receiver.v"/>
        <Attr Name="ImportTime" Val="1706509529"/>
        <Attr Name="UsedIn" Val="synthesis"/>
        <Attr Name="UsedIn" Val="implementation"/>
        <Attr Name="UsedIn" Val="simulation"/>
      </FileInfo>
    </File>
    <File Path="$PSRCDIR/sources_1/new/helpers/uart/unmodified/uart_transmitter.v">
      <FileInfo>
        <Attr Name="ImportPath" Val="$PPRDIR/../../../../../../../../Documents/Stuff/Github/WORK/EE2026-Finance-Bros/e_mods/e_mods.srcs/sources_1/new/helpers/uart/unmodified/uart_transmitter.v"/>
        <Attr Name="ImportTime" Val="1706509529"/>
        <Attr Name="UsedIn" Val="synthesis"/>
        <Attr Name="UsedIn" Val="implementation"/>
        <Attr Name="UsedIn" Val="simulation"/>
      </FileInfo>
    </File>
    <File Path="$PSRCDIR/sources_1/imports/Desktop/Mouse_Control.vhd">
      <FileInfo>
        <Attr Name="ImportPath" Val="$PPRDIR/../../../../../../../../Documents/Stuff/GitLab/school-work/NUS/Y1S2/EE2026/MODS.srcs/sources_1/imports/Desktop/Mouse_Control.vhd"/>
        <Attr Name="ImportTime" Val="1677398056"/>
        <Attr Name="UsedIn" Val="synthesis"/>
        <Attr Name="UsedIn" Val="simulation"/>
      </FileInfo>
    </File>
    <File Path="$PSRCDIR/sources_1/imports/Desktop/Ps2Interface.vhd">
      <FileInfo>
        <Attr Name="ImportPath" Val="$PPRDIR/../../../../../../../../Documents/Stuff/GitLab/school-work/NUS/Y1S2/EE2026/MODS.srcs/sources_1/imports/Desktop/Ps2Interface.vhd"/>
        <Attr Name="ImportTime" Val="1677398072"/>
        <Attr Name="UsedIn" Val="synthesis"/>
        <Attr Name="UsedIn" Val="simulation"/>
      </FileInfo>
    </File>
    <File Path="$PSRCDIR/sources_1/new/top.v">
      <FileInfo>
        <Attr Name="IsGlobalInclude" Val="1"/>
        <Attr Name="ImportPath" Val="$PPRDIR/../../../../../../../../Documents/Stuff/Github/WORK/EE2026-Finance-Bros/e_mods/e_mods.srcs/sources_1/new/top.v"/>
        <Attr Name="ImportTime" Val="1712400219"/>
        <Attr Name="UsedIn" Val="synthesis"/>
        <Attr Name="UsedIn" Val="implementation"/>
        <Attr Name="UsedIn" Val="simulation"/>
      </FileInfo>
    </File>
    <File Path="$PSRCDIR/sources_1/imports/MouseAudioDisplay/archive_project_summary.txt">
      <FileInfo>
        <Attr Name="ImportPath" Val="$PPRDIR/../../../../../../../../Documents/Stuff/GitLab/school-work/NUS/Y1S2/MouseAudioDisplay/archive_project_summary.txt"/>
        <Attr Name="ImportTime" Val="1677398648"/>
      </FileInfo>
    </File>
    <File Path="$PSRCDIR/sources_1/imports/res/weights.coe">
      <FileInfo>
        <Attr Name="ImportPath" Val="$PPRDIR/../../../../../../../../Documents/Stuff/GitLab/school-work/NUS/Y1S2/EE2026/res/weights.coe"/>
        <Attr Name="ImportTime" Val="1677159677"/>
        <Attr Name="UsedIn" Val="synthesis"/>
        <Attr Name="UsedIn" Val="simulation"/>
      </FileInfo>
    </File>
    <File Path="$PSRCDIR/sources_1/imports/res/00.coe">
      <FileInfo>
        <Attr Name="ImportPath" Val="$PPRDIR/../../../../../../../../Documents/Stuff/GitLab/school-work/NUS/Y1S2/EE2026/res/00.coe"/>
        <Attr Name="ImportTime" Val="1677159677"/>
        <Attr Name="UsedIn" Val="synthesis"/>
        <Attr Name="UsedIn" Val="simulation"/>
      </FileInfo>
    </File>
    <File Path="$PSRCDIR/sources_1/imports/MODS/archive_project_summary.txt">
      <FileInfo>
        <Attr Name="ImportPath" Val="$PPRDIR/../../../../../../../../Documents/Stuff/GitLab/school-work/NUS/Y1S2/EE2026/Labs/Project B-MODs/MODS.xpr/MODS/archive_project_summary.txt"/>
        <Attr Name="ImportTime" Val="1709512915"/>
      </FileInfo>
    </File>
    <File Path="$PSRCDIR/sources_1/new/helpers/uart/tests/run_uart.v">
      <FileInfo>
        <Attr Name="UserDisabled" Val="1"/>
        <Attr Name="ImportPath" Val="$PPRDIR/../../../../../../../../Documents/Stuff/Github/WORK/EE2026-Finance-Bros/e_mods/e_mods.srcs/sources_1/new/helpers/uart/tests/run_uart.v"/>
        <Attr Name="ImportTime" Val="1710123612"/>
        <Attr Name="UsedIn" Val="synthesis"/>
        <Attr Name="UsedIn" Val="implementation"/>
        <Attr Name="UsedIn" Val="simulation"/>
      </FileInfo>
    </File>
    <File Path="$PSRCDIR/sources_1/new/helpers/uart/tests/sim_fifo_shift.v">
      <FileInfo>
        <Attr Name="UserDisabled" Val="1"/>
        <Attr Name="ImportPath" Val="$PPRDIR/../../../../../../../../Documents/Stuff/Github/WORK/EE2026-Finance-Bros/e_mods/e_mods.srcs/sources_1/new/helpers/uart/tests/sim_fifo_shift.v"/>
        <Attr Name="ImportTime" Val="1710121529"/>
        <Attr Name="UsedIn" Val="synthesis"/>
        <Attr Name="UsedIn" Val="implementation"/>
        <Attr Name="UsedIn" Val="simulation"/>
      </FileInfo>
    </File>
    <File Path="$PSRCDIR/sources_1/new/helpers/seg/seg_num_mapping.v">
      <FileInfo>
        <Attr Name="ImportPath" Val="$PPRDIR/../../../../../../../../Documents/Stuff/Github/WORK/EE2026-Finance-Bros/e_mods/e_mods.srcs/sources_1/new/helpers/seg/seg_num_mapping.v"/>
        <Attr Name="ImportTime" Val="1709730202"/>
        <Attr Name="UsedIn" Val="synthesis"/>
        <Attr Name="UsedIn" Val="implementation"/>
        <Attr Name="UsedIn" Val="simulation"/>
      </FileInfo>
    </File>
    <File Path="$PSRCDIR/sources_1/new/master/module_master.v">
      <FileInfo>
        <Attr Name="ImportPath" Val="$PPRDIR/../../../../../../../../Documents/Stuff/Github/WORK/EE2026-Finance-Bros/e_mods/e_mods.srcs/sources_1/new/master/module_master.v"/>
        <Attr Name="ImportTime" Val="1712401008"/>
        <Attr Name="UsedIn" Val="synthesis"/>
        <Attr Name="UsedIn" Val="implementation"/>
        <Attr Name="UsedIn" Val="simulation"/>
      </FileInfo>
    </File>
    <File Path="$PSRCDIR/sources_1/new/trading/tests/test_trade_data_structures.v">
      <FileInfo>
        <Attr Name="UserDisabled" Val="1"/>
        <Attr Name="ImportPath" Val="$PPRDIR/../../../../../../../../Documents/Stuff/Github/WORK/EE2026-Finance-Bros/e_mods/e_mods.srcs/sources_1/new/trading/tests/test_trade_data_structures.v"/>
        <Attr Name="ImportTime" Val="1712225603"/>
        <Attr Name="UsedIn" Val="synthesis"/>
        <Attr Name="UsedIn" Val="implementation"/>
        <Attr Name="UsedIn" Val="simulation"/>
      </FileInfo>
    </File>
    <File Path="$PSRCDIR/sources_1/new/trading/trade_module_data.v">
      <FileInfo>
        <Attr Name="ImportPath" Val="$PPRDIR/../../../../../../../../Documents/Stuff/Github/WORK/EE2026-Finance-Bros/e_mods/e_mods.srcs/sources_1/new/trading/trade_module_data.v"/>
        <Attr Name="ImportTime" Val="1712401008"/>
        <Attr Name="UsedIn" Val="synthesis"/>
        <Attr Name="UsedIn" Val="implementation"/>
        <Attr Name="UsedIn" Val="simulation"/>
      </FileInfo>
    </File>
    <File Path="$PSRCDIR/sources_1/new/trading/tests/modules/test_trade_module_slave.v">
      <FileInfo>
        <Attr Name="UserDisabled" Val="1"/>
        <Attr Name="ImportPath" Val="$PPRDIR/../../../../../../../../Documents/Stuff/Github/WORK/EE2026-Finance-Bros/e_mods/e_mods.srcs/sources_1/new/trading/tests/modules/test_trade_module_slave.v"/>
        <Attr Name="ImportTime" Val="1712225603"/>
        <Attr Name="UsedIn" Val="synthesis"/>
        <Attr Name="UsedIn" Val="implementation"/>
        <Attr Name="UsedIn" Val="simulation"/>
      </FileInfo>
    </File>
    <File Path="$PSRCDIR/sources_1/new/trading/trade_module_slave.v">
      <FileInfo>
        <Attr Name="ImportPath" Val="$PPRDIR/../../../../../../../../Documents/Stuff/Github/WORK/EE2026-Finance-Bros/e_mods/e_mods.srcs/sources_1/new/trading/trade_module_slave.v"/>
        <Attr Name="ImportTime" Val="1712401008"/>
        <Attr Name="UsedIn" Val="synthesis"/>
        <Attr Name="UsedIn" Val="implementation"/>
        <Attr Name="UsedIn" Val="simulation"/>
      </FileInfo>
    </File>
    <File Path="$PSRCDIR/sources_1/new/trading/tests/modules/test_trade_module_master.v">
      <FileInfo>
        <Attr Name="UserDisabled" Val="1"/>
        <Attr Name="ImportPath" Val="$PPRDIR/../../../../../../../../Documents/Stuff/Github/WORK/EE2026-Finance-Bros/e_mods/e_mods.srcs/sources_1/new/trading/tests/modules/test_trade_module_master.v"/>
        <Attr Name="ImportTime" Val="1712225603"/>
        <Attr Name="UsedIn" Val="synthesis"/>
        <Attr Name="UsedIn" Val="implementation"/>
        <Attr Name="UsedIn" Val="simulation"/>
      </FileInfo>
    </File>
    <File Path="$PSRCDIR/sources_1/new/trading/top_trade.v">
      <FileInfo>
        <Attr Name="UserDisabled" Val="1"/>
        <Attr Name="ImportPath" Val="$PPRDIR/../../../../../../../../Documents/Stuff/Github/WORK/EE2026-Finance-Bros/e_mods/e_mods.srcs/sources_1/new/trading/top_trade.v"/>
        <Attr Name="ImportTime" Val="1712225603"/>
        <Attr Name="UsedIn" Val="synthesis"/>
        <Attr Name="UsedIn" Val="implementation"/>
        <Attr Name="UsedIn" Val="simulation"/>
      </FileInfo>
    </File>
    <File Path="$PSRCDIR/sources_1/new/trading/trade_module_master.v">
      <FileInfo>
        <Attr Name="ImportPath" Val="$PPRDIR/../../../../../../../../Documents/Stuff/Github/WORK/EE2026-Finance-Bros/e_mods/e_mods.srcs/sources_1/new/trading/trade_module_master.v"/>
        <Attr Name="ImportTime" Val="1712401008"/>
        <Attr Name="UsedIn" Val="synthesis"/>
        <Attr Name="UsedIn" Val="implementation"/>
        <Attr Name="UsedIn" Val="simulation"/>
      </FileInfo>
    </File>
    <File Path="$PSRCDIR/sources_1/new/helpers/seg/seg_val_mapping.v">
      <FileInfo>
        <Attr Name="ImportPath" Val="$PPRDIR/../../../../../../../../Documents/Stuff/Github/WORK/EE2026-Finance-Bros/e_mods/e_mods.srcs/sources_1/new/helpers/seg/seg_val_mapping.v"/>
        <Attr Name="ImportTime" Val="1712225603"/>
        <Attr Name="UsedIn" Val="synthesis"/>
        <Attr Name="UsedIn" Val="implementation"/>
        <Attr Name="UsedIn" Val="simulation"/>
      </FileInfo>
    </File>
    <File Path="$PSRCDIR/sources_1/new/trading/tests/test_trade_parser.v">
      <FileInfo>
        <Attr Name="UserDisabled" Val="1"/>
        <Attr Name="ImportPath" Val="$PPRDIR/../../../../../../../../Documents/Stuff/Github/WORK/EE2026-Finance-Bros/e_mods/e_mods.srcs/sources_1/new/trading/tests/test_trade_parser.v"/>
        <Attr Name="ImportTime" Val="1712225603"/>
        <Attr Name="UsedIn" Val="synthesis"/>
        <Attr Name="UsedIn" Val="implementation"/>
        <Attr Name="UsedIn" Val="simulation"/>
      </FileInfo>
    </File>
    <File Path="$PSRCDIR/sources_1/new/text.v">
      <FileInfo>
        <Attr Name="UserDisabled" Val="1"/>
        <Attr Name="ImportPath" Val="$PPRDIR/../../../../../../../../Documents/Stuff/Github/WORK/EE2026-Finance-Bros/e_mods/e_mods.srcs/sources_1/new/text.v"/>
        <Attr Name="ImportTime" Val="1711939443"/>
        <Attr Name="UsedIn" Val="synthesis"/>
        <Attr Name="UsedIn" Val="implementation"/>
        <Attr Name="UsedIn" Val="simulation"/>
      </FileInfo>
    </File>
    <File Path="$PSRCDIR/sources_1/new/helpers/text/text_num_val_mapping.v">
      <FileInfo>
        <Attr Name="ImportPath" Val="$PPRDIR/../../../../../../../../Documents/Stuff/Github/WORK/EE2026-Finance-Bros/e_mods/e_mods.srcs/sources_1/new/helpers/text/text_num_val_mapping.v"/>
        <Attr Name="ImportTime" Val="1712225603"/>
        <Attr Name="UsedIn" Val="synthesis"/>
        <Attr Name="UsedIn" Val="implementation"/>
        <Attr Name="UsedIn" Val="simulation"/>
      </FileInfo>
    </File>
    <File Path="$PSRCDIR/sources_1/new/menu/slaveTradePage.v">
      <FileInfo>
        <Attr Name="ImportPath" Val="$PPRDIR/../../../../../../../../Documents/Stuff/Github/WORK/EE2026-Finance-Bros/e_mods/e_mods.srcs/sources_1/new/menu/slaveTradePage.v"/>
        <Attr Name="ImportTime" Val="1712400219"/>
        <Attr Name="UsedIn" Val="synthesis"/>
        <Attr Name="UsedIn" Val="implementation"/>
        <Attr Name="UsedIn" Val="simulation"/>
      </FileInfo>
    </File>
    <File Path="$PSRCDIR/sources_1/new/menu/slaveMenuPage.v">
      <FileInfo>
        <Attr Name="ImportPath" Val="$PPRDIR/../../../../../../../../Documents/Stuff/Github/WORK/EE2026-Finance-Bros/e_mods/e_mods.srcs/sources_1/new/menu/slaveMenuPage.v"/>
        <Attr Name="ImportTime" Val="1712401008"/>
        <Attr Name="UsedIn" Val="synthesis"/>
        <Attr Name="UsedIn" Val="implementation"/>
        <Attr Name="UsedIn" Val="simulation"/>
      </FileInfo>
    </File>
    <File Path="$PSRCDIR/sources_1/new/menu/view_packet.v">
      <FileInfo>
        <Attr Name="ImportPath" Val="$PPRDIR/../../../../../../../../Documents/Stuff/Github/WORK/EE2026-Finance-Bros/e_mods/e_mods.srcs/sources_1/new/menu/view_packet.v"/>
        <Attr Name="ImportTime" Val="1712400219"/>
        <Attr Name="UsedIn" Val="synthesis"/>
        <Attr Name="UsedIn" Val="implementation"/>
        <Attr Name="UsedIn" Val="simulation"/>
      </FileInfo>
    </File>
    <File Path="$PSRCDIR/sources_1/new/tables.v">
      <FileInfo>
        <Attr Name="UserDisabled" Val="1"/>
        <Attr Name="ImportPath" Val="$PPRDIR/../../../../../../../../Documents/Stuff/Github/WORK/EE2026-Finance-Bros/e_mods/e_mods.srcs/sources_1/new/tables.v"/>
        <Attr Name="ImportTime" Val="1712225603"/>
        <Attr Name="UsedIn" Val="synthesis"/>
        <Attr Name="UsedIn" Val="implementation"/>
        <Attr Name="UsedIn" Val="simulation"/>
      </FileInfo>
    </File>
    <File Path="$PSRCDIR/sources_1/new/helpers/uart/tests/run_uart_pins_chain.v">
      <FileInfo>
        <Attr Name="UserDisabled" Val="1"/>
        <Attr Name="ImportPath" Val="$PPRDIR/../../../../../../../../Documents/Stuff/Github/WORK/EE2026-Finance-Bros/e_mods/e_mods.srcs/sources_1/new/helpers/uart/tests/run_uart_pins_chain.v"/>
        <Attr Name="ImportTime" Val="1712225603"/>
        <Attr Name="UsedIn" Val="synthesis"/>
        <Attr Name="UsedIn" Val="implementation"/>
        <Attr Name="UsedIn" Val="simulation"/>
      </FileInfo>
    </File>
    <File Path="$PSRCDIR/sources_1/new/master/master_menu.v">
      <FileInfo>
        <Attr Name="ImportPath" Val="$PPRDIR/../../../../../../../../Documents/Stuff/Github/WORK/EE2026-Finance-Bros/e_mods/e_mods.srcs/sources_1/new/master/master_menu.v"/>
        <Attr Name="ImportTime" Val="1712400219"/>
        <Attr Name="UsedIn" Val="synthesis"/>
        <Attr Name="UsedIn" Val="implementation"/>
        <Attr Name="UsedIn" Val="simulation"/>
      </FileInfo>
    </File>
    <File Path="$PSRCDIR/sources_1/new/menu/set_id.v">
      <FileInfo>
        <Attr Name="ImportPath" Val="$PPRDIR/../../../../../../../../Documents/Stuff/Github/WORK/EE2026-Finance-Bros/e_mods/e_mods.srcs/sources_1/new/menu/set_id.v"/>
        <Attr Name="ImportTime" Val="1712229465"/>
        <Attr Name="UsedIn" Val="synthesis"/>
        <Attr Name="UsedIn" Val="implementation"/>
        <Attr Name="UsedIn" Val="simulation"/>
      </FileInfo>
    </File>
    <File Path="$PSRCDIR/sources_1/new/encryption.v">
      <FileInfo>
        <Attr Name="ImportPath" Val="$PPRDIR/../../../../../../../../Documents/Stuff/Github/WORK/EE2026-Finance-Bros/e_mods/e_mods.srcs/sources_1/new/encryption.v"/>
        <Attr Name="ImportTime" Val="1712400219"/>
        <Attr Name="UsedIn" Val="synthesis"/>
        <Attr Name="UsedIn" Val="implementation"/>
        <Attr Name="UsedIn" Val="simulation"/>
      </FileInfo>
    </File>
    <File Path="$PSRCDIR/sources_1/new/helpers/text/text_dynamic.v">
      <FileInfo>
        <Attr Name="ImportPath" Val="$PPRDIR/../../../../../../../../Documents/Stuff/Github/WORK/EE2026-Finance-Bros/e_mods/e_mods.srcs/sources_1/new/helpers/text/text_dynamic.v"/>
        <Attr Name="ImportTime" Val="1712225603"/>
        <Attr Name="UsedIn" Val="synthesis"/>
        <Attr Name="UsedIn" Val="implementation"/>
        <Attr Name="UsedIn" Val="simulation"/>
      </FileInfo>
    </File>
    <File Path="$PSRCDIR/sources_1/new/helpers/text/text_dynamic_multiline.v">
      <FileInfo>
        <Attr Name="ImportPath" Val="$PPRDIR/../../../../../../../../Documents/Stuff/Github/WORK/EE2026-Finance-Bros/e_mods/e_mods.srcs/sources_1/new/helpers/text/text_dynamic_multiline.v"/>
        <Attr Name="ImportTime" Val="1712400219"/>
        <Attr Name="UsedIn" Val="synthesis"/>
        <Attr Name="UsedIn" Val="implementation"/>
        <Attr Name="UsedIn" Val="simulation"/>
      </FileInfo>
    </File>
    <File Path="$PSRCDIR/sources_1/new/helpers/text/binary_to_hex.v">
      <FileInfo>
        <Attr Name="ImportPath" Val="$PPRDIR/../../../../../../../../Documents/Stuff/Github/WORK/EE2026-Finance-Bros/e_mods/e_mods.srcs/sources_1/new/helpers/text/binary_to_hex.v"/>
        <Attr Name="ImportTime" Val="1712225603"/>
        <Attr Name="UsedIn" Val="synthesis"/>
        <Attr Name="UsedIn" Val="implementation"/>
        <Attr Name="UsedIn" Val="simulation"/>
      </FileInfo>
    </File>
    <File Path="$PSRCDIR/sources_1/new/raycasting/raycasting.v">
      <FileInfo>
        <Attr Name="ImportPath" Val="$PPRDIR/../../../../../../../../Documents/Stuff/Github/WORK/EE2026-Finance-Bros/e_mods/e_mods.srcs/sources_1/new/raycasting/raycasting.v"/>
        <Attr Name="ImportTime" Val="1712400219"/>
        <Attr Name="UsedIn" Val="synthesis"/>
        <Attr Name="UsedIn" Val="implementation"/>
        <Attr Name="UsedIn" Val="simulation"/>
      </FileInfo>
    </File>
    <File Path="$PSRCDIR/sources_1/new/helpers/constants.v">
      <FileInfo>
        <Attr Name="ImportPath" Val="$PPRDIR/../../../../../../../../Documents/Stuff/Github/WORK/EE2026-Finance-Bros/e_mods/e_mods.srcs/sources_1/new/helpers/constants.v"/>
        <Attr Name="ImportTime" Val="1712225603"/>
        <Attr Name="UsedIn" Val="synthesis"/>
        <Attr Name="UsedIn" Val="implementation"/>
        <Attr Name="UsedIn" Val="simulation"/>
      </FileInfo>
    </File>
    <File Path="$PSRCDIR/sources_1/new/helpers/vga/tests/adaptor_test.v">
      <FileInfo>
        <Attr Name="UserDisabled" Val="1"/>
        <Attr Name="ImportPath" Val="$PPRDIR/../../../../../../../../Documents/Stuff/Github/WORK/EE2026-Finance-Bros/e_mods/e_mods.srcs/sources_1/new/helpers/vga/tests/adaptor_test.v"/>
        <Attr Name="ImportTime" Val="1712244498"/>
        <Attr Name="UsedIn" Val="synthesis"/>
        <Attr Name="UsedIn" Val="implementation"/>
        <Attr Name="UsedIn" Val="simulation"/>
      </FileInfo>
    </File>
    <File Path="$PSRCDIR/sources_1/new/helpers/images/tests/video.v">
      <FileInfo>
        <Attr Name="UserDisabled" Val="1"/>
        <Attr Name="ImportPath" Val="$PPRDIR/../../../../../../../../Documents/Stuff/Github/WORK/EE2026-Finance-Bros/e_mods/e_mods.srcs/sources_1/new/helpers/images/tests/video.v"/>
        <Attr Name="ImportTime" Val="1712244498"/>
        <Attr Name="UsedIn" Val="synthesis"/>
        <Attr Name="UsedIn" Val="implementation"/>
        <Attr Name="UsedIn" Val="simulation"/>
      </FileInfo>
    </File>
    <File Path="$PSRCDIR/sources_1/new/helpers/vga/vga_oled_adaptor.v">
      <FileInfo>
        <Attr Name="ImportPath" Val="$PPRDIR/../../../../../../../../Documents/Stuff/Github/WORK/EE2026-Finance-Bros/e_mods/e_mods.srcs/sources_1/new/helpers/vga/vga_oled_adaptor.v"/>
        <Attr Name="ImportTime" Val="1712400219"/>
        <Attr Name="UsedIn" Val="synthesis"/>
        <Attr Name="UsedIn" Val="implementation"/>
        <Attr Name="UsedIn" Val="simulation"/>
      </FileInfo>
    </File>
    <File Path="$PSRCDIR/sources_1/new/helpers/images/tests/image.v">
      <FileInfo>
        <Attr Name="UserDisabled" Val="1"/>
        <Attr Name="ImportPath" Val="$PPRDIR/../../../../../../../../Documents/Stuff/Github/WORK/EE2026-Finance-Bros/e_mods/e_mods.srcs/sources_1/new/helpers/images/tests/image.v"/>
        <Attr Name="ImportTime" Val="1712244498"/>
        <Attr Name="UsedIn" Val="synthesis"/>
        <Attr Name="UsedIn" Val="implementation"/>
        <Attr Name="UsedIn" Val="simulation"/>
      </FileInfo>
    </File>
    <File Path="$PSRCDIR/sources_1/new/helpers/vga/unmodified/vga_controller.v">
      <FileInfo>
        <Attr Name="ImportPath" Val="$PPRDIR/../../../../../../../../Documents/Stuff/Github/WORK/EE2026-Finance-Bros/e_mods/e_mods.srcs/sources_1/new/helpers/vga/unmodified/vga_controller.v"/>
        <Attr Name="ImportTime" Val="1712244498"/>
        <Attr Name="UsedIn" Val="synthesis"/>
        <Attr Name="UsedIn" Val="implementation"/>
        <Attr Name="UsedIn" Val="simulation"/>
      </FileInfo>
    </File>
    <File Path="$PSRCDIR/sources_1/new/helpers/images/stonks.mem">
      <FileInfo>
        <Attr Name="ImportPath" Val="$PPRDIR/../../../../../../../../Documents/Stuff/Github/WORK/EE2026-Finance-Bros/e_mods/e_mods.srcs/sources_1/new/helpers/images/stonks.mem"/>
        <Attr Name="ImportTime" Val="1712250832"/>
        <Attr Name="UsedIn" Val="synthesis"/>
        <Attr Name="UsedIn" Val="simulation"/>
      </FileInfo>
    </File>
    <File Path="$PSRCDIR/sources_1/new/helpers/graphs.v">
      <FileInfo>
        <Attr Name="ImportPath" Val="$PPRDIR/../../../../../../../../Documents/Stuff/Github/WORK/EE2026-Finance-Bros/e_mods/e_mods.srcs/sources_1/new/helpers/graphs.v"/>
        <Attr Name="ImportTime" Val="1712401008"/>
        <Attr Name="UsedIn" Val="synthesis"/>
        <Attr Name="UsedIn" Val="implementation"/>
        <Attr Name="UsedIn" Val="simulation"/>
      </FileInfo>
    </File>
    <File Path="$PSRCDIR/sources_1/new/menu/slave_table_view.v">
      <FileInfo>
        <Attr Name="ImportPath" Val="$PPRDIR/../../../../../../../../Documents/Stuff/Github/WORK/EE2026-Finance-Bros/e_mods/e_mods.srcs/sources_1/new/menu/slave_table_view.v"/>
        <Attr Name="ImportTime" Val="1712400219"/>
        <Attr Name="UsedIn" Val="synthesis"/>
        <Attr Name="UsedIn" Val="implementation"/>
        <Attr Name="UsedIn" Val="simulation"/>
      </FileInfo>
    </File>
    <Config>
      <Option Name="DesignMode" Val="RTL"/>
      <Option Name="TopModule" Val="top"/>
    </Config>
  </FileSet>
  <FileSet Name="constrs_in" Type="Constrs" RelSrcDir="$PSRCDIR/constrs_1">
    <Filter Type="Constrs"/>
    <File Path="$PSRCDIR/constrs_1/new/basys3.xdc">
      <FileInfo>
        <Attr Name="ImportPath" Val="$PPRDIR/../../../../../../../../Documents/Stuff/GitLab/school-work/NUS/Y1S2/EE2026/Labs/Project B-MODs/MODS.xpr/MODS/MODS.srcs/constrs_1/new/basys3.xdc"/>
        <Attr Name="ImportTime" Val="1709702089"/>
        <Attr Name="UsedIn" Val="synthesis"/>
        <Attr Name="UsedIn" Val="implementation"/>
      </FileInfo>
    </File>
    <Config>
      <Option Name="ConstrsType" Val="XDC"/>
    </Config>
  </FileSet>
  <Strategy Version="1" Minor="2">
    <StratHandle Name="Vivado Implementation Defaults" Flow="Vivado Implementation 2018"/>
    <Step Id="init_design"/>
    <Step Id="opt_design"/>
    <Step Id="power_opt_design"/>
    <Step Id="place_design"/>
    <Step Id="post_place_power_opt_design"/>
    <Step Id="phys_opt_design"/>
    <Step Id="route_design"/>
    <Step Id="post_route_phys_opt_design"/>
    <Step Id="write_bitstream"/>
  </Strategy>
  <BlockFileSet Type="BlockSrcs" Name="blk_mem_gen_const"/>
  <BlockFileSet Type="BlockSrcs" Name="blk_mem_gen_img"/>
</GenRun>
